Date,"1 Mo","1.5 Month","2 Mo","3 Mo","4 Mo","6 Mo","1 Yr","2 Yr","3 Yr","5 Yr","7 Yr","10 Yr","20 Yr","30 Yr"
02/20/2026,3.72,3.73,3.74,3.69,3.71,3.61,3.51,3.48,3.50,3.65,3.85,4.08,4.66,4.72
02/19/2026,3.72,3.74,3.75,3.69,3.70,3.60,3.50,3.47,3.50,3.65,3.85,4.08,4.64,4.70
02/18/2026,3.71,3.74,3.73,3.70,3.70,3.60,3.49,3.47,3.50,3.66,3.86,4.09,4.65,4.71
02/17/2026,3.72,3.75,3.73,3.69,3.70,3.59,3.48,3.43,3.47,3.63,3.82,4.05,4.63,4.68
02/13/2026,3.72,3.71,3.73,3.68,3.70,3.59,3.42,3.40,3.43,3.61,3.81,4.04,4.64,4.69
02/12/2026,3.72,3.71,3.74,3.70,3.70,3.58,3.45,3.47,3.49,3.67,3.87,4.09,4.68,4.72
02/11/2026,3.71,3.71,3.73,3.70,3.70,3.60,3.47,3.52,3.55,3.75,3.96,4.18,4.76,4.82
02/10/2026,3.72,3.72,3.74,3.69,3.69,3.58,3.40,3.45,3.50,3.70,3.92,4.16,4.73,4.78
02/09/2026,3.72,3.72,3.73,3.69,3.70,3.59,3.43,3.48,3.56,3.75,3.97,4.22,4.79,4.85
02/06/2026,3.72,3.72,3.74,3.68,3.70,3.59,3.45,3.50,3.57,3.76,3.98,4.22,4.80,4.85
02/05/2026,3.72,3.71,3.74,3.67,3.68,3.58,3.44,3.47,3.55,3.74,3.97,4.21,4.79,4.85
02/04/2026,3.72,3.72,3.74,3.69,3.70,3.62,3.49,3.57,3.64,3.83,4.05,4.29,4.86,4.91
02/03/2026,3.72,3.72,3.74,3.69,3.70,3.62,3.49,3.57,3.64,3.83,4.04,4.28,4.85,4.90
02/02/2026,3.72,3.72,3.74,3.69,3.70,3.62,3.49,3.57,3.64,3.83,4.05,4.29,4.85,4.90
01/30/2026,3.72,3.73,3.75,3.67,3.69,3.61,3.48,3.52,3.60,3.79,4.01,4.26,4.82,4.87
01/29/2026,3.72,3.73,3.75,3.67,3.69,3.62,3.50,3.53,3.63,3.80,4.01,4.24,4.80,4.85
01/28/2026,3.76,3.72,3.71,3.68,3.70,3.63,3.52,3.56,3.66,3.83,4.05,4.26,4.81,4.85
01/27/2026,3.77,3.72,3.70,3.67,3.66,3.61,3.50,3.53,3.65,3.81,4.03,4.24,4.79,4.83
01/26/2026,3.77,3.71,3.70,3.67,3.67,3.62,3.52,3.56,3.66,3.82,4.02,4.22,4.75,4.80
01/23/2026,3.78,3.71,3.72,3.70,3.67,3.61,3.53,3.60,3.67,3.84,4.03,4.24,4.78,4.82
01/22/2026,3.79,3.71,3.72,3.71,3.67,3.61,3.53,3.61,3.68,3.85,4.05,4.26,4.79,4.84
01/21/2026,3.75,3.71,3.70,3.70,3.67,3.62,3.53,3.60,3.66,3.83,4.04,4.26,4.82,4.87
01/20/2026,3.75,3.71,3.69,3.70,3.65,3.61,3.53,3.60,3.68,3.86,4.08,4.30,4.87,4.91
01/16/2026,3.75,3.72,3.68,3.67,3.66,3.60,3.55,3.59,3.67,3.82,4.02,4.24,4.79,4.83
01/15/2026,3.75,3.73,3.69,3.68,3.66,3.60,3.54,3.56,3.62,3.77,3.96,4.17,4.74,4.79
01/14/2026,3.72,3.71,3.66,3.67,3.65,3.58,3.50,3.51,3.56,3.72,3.92,4.15,4.73,4.79
01/13/2026,3.72,3.72,3.66,3.67,3.63,3.59,3.51,3.53,3.57,3.75,3.95,4.18,4.77,4.83
01/12/2026,3.71,3.68,3.64,3.67,3.63,3.58,3.53,3.54,3.59,3.77,3.97,4.19,4.78,4.83
01/09/2026,3.70,3.68,3.63,3.62,3.62,3.57,3.52,3.54,3.59,3.75,3.95,4.18,4.76,4.82
01/08/2026,3.70,3.69,3.63,3.62,3.60,3.56,3.48,3.49,3.56,3.74,3.95,4.19,4.79,4.85
01/07/2026,3.70,3.69,3.60,3.62,3.60,3.56,3.48,3.47,3.53,3.70,3.91,4.15,4.76,4.82
01/06/2026,3.70,3.70,3.61,3.63,3.58,3.56,3.48,3.47,3.54,3.72,3.93,4.18,4.80,4.86
01/05/2026,3.71,3.68,3.64,3.64,3.61,3.57,3.47,3.46,3.53,3.71,3.92,4.17,4.79,4.85
01/02/2026,3.72,3.71,3.66,3.65,3.62,3.58,3.47,3.47,3.55,3.74,3.95,4.19,4.81,4.86